URL,Title,Date
https://play.google.com/store/apps/details?id=technoindiagroup.education,Download App,
http://tigmis.com/tiu/,Pay Online,
https://technoindiauniversity.ac.in/img/pdf/TIU_Calendar_2024.pdf,Download Calender,
https://www.facebook.com/tiukolkata,,
https://www.instagram.com/technoindiauniversity/,,
https://twitter.com/tiukolkata,,
https://www.linkedin.com/in/techno-india-56a52a111,,
https://www.youtube.com/user/TIUniversity,,
https://technoindiauniversity.ac.in/index.php,,
https://technoindiauniversity.ac.in/index3.php?id=69,,
https://technoindiauniversity.ac.in/index3.php?id=69,Semester ResultsCLICK HERE,
"https://www.google.co.in/maps?q=Techno+India,+EM+Block,+Salt+Lake+City,+Kolkata,+West+Bengal,+India&hl=en&ll=22.575816,88.427625&spn=0.010323,0.01929&sll=22.576631,88.427574&sspn=0.010323,0.01929&oq=Techno+India,Sa&t=h&hq=Techno+India,+EM+Block,+Salt+Lake+City,+Kolkata,+West+Bengal,+India&z=16","Our LocationEM-4, Sector-V, Salt Lake, Kolkata, WB, India",
https://technoindiauniversity.ac.in/index.php,HOME,
https://technoindiauniversity.ac.in/#,Explore Us,
https://technoindiauniversity.ac.in/index3.php?id=3,History,
https://technoindiauniversity.ac.in/index3.php?id=2,Vision,
https://technoindiauniversity.ac.in/index3.php?id=1,Mission,
https://technoindiauniversity.ac.in/index3.php?id=86,IQAC,
https://technoindiauniversity.ac.in/index3.php?id=87,Approvals,
https://technoindiauniversity.ac.in/index3.php?id=4,Priority & Trust,
https://technoindiauniversity.ac.in/index3.php?id=77,Press Release,
https://technoindiauniversity.ac.in/index3.php?id=5,FAQ,
https://technoindiauniversity.ac.in/#,Academics,
https://technoindiauniversity.ac.in/Engineering/index.php,School of Engineering,
https://technoindiauniversity.ac.in/Science/index.php,School of Science,
https://technoindiauniversity.ac.in/ComputerApplication/index.php,School of Computer Application,
https://technoindiauniversity.ac.in/Management/index.php,School of Management,
https://technoindiauniversity.ac.in/barch/index.php,School of Architecture,
https://technoindiauniversity.ac.in/Pharmacy/index.php,School of Pharmacy,
https://technoindiauniversity.ac.in/Nursing/index.php,School of Nursing,
https://technoindiauniversity.ac.in/Humanities/index.php,School of Humanities,
https://technoindiauniversity.ac.in/Law/index.php,School of Law,
https://technoindiauniversity.ac.in/Commerce/index.php,School of Commerce,
https://kolkata.ecole-intuit-lab.co.in/,School of Design,
https://technoindiauniversity.ac.in/#,Campus Chronicles,
https://technoindiauniversity.ac.in/index3.php?id=6,Student Life,
https://technoindiauniversity.ac.in/index3.php?id=7,Innovation Center,
https://technoindiauniversity.ac.in/index3.php?id=8,Cultural Club,
https://technoindiauniversity.ac.in/index3.php?id=91,Coding Club,
https://technoindiauniversity.ac.in/index3.php?id=9,Sports,
https://technoindiauniversity.ac.in/index3.php?id=84,Grievance Cell,
https://technoindiauniversity.ac.in/index3.php?id=11,Research,
https://technoindiauniversity.ac.in/index3.php?id=78,Research Grants,
https://technoindiauniversity.ac.in/index3.php?id=79,Ph.D Regulation,
https://technoindiauniversity.ac.in/index3.php?id=11,List of Publications,
https://technoindiauniversity.ac.in/index3.php?id=83,Research Promotion Policy,
https://technoindiauniversity.ac.in/#,International Students,
https://technoindiauniversity.ac.in/index3.php?id=12,Admission Procedure,
https://technoindiauniversity.ac.in/index3.php?id=13,VISA Assistance,
https://technoindiauniversity.ac.in/index3.php?id=14,Hostel,
https://technoindiauniversity.ac.in/index3.php?id=15,Campus Rules,
https://technoindiauniversity.ac.in/index3.php?id=16,Campus Safety,
https://technoindiauniversity.ac.in/index3.php?id=17,Placement Team,
https://technoindiauniversity.ac.in/index3.php?id=18,Contact,
https://technoindiauniversity.ac.in/apply.php,Apply Now,
https://technoindiauniversity.ac.in/apply.php,Apply Now,
http://technoindiagroup.com/,Visit Techno India Group,
https://drive.google.com/file/d/1PdDGRGsK3qezs-5JjN4gDqfLCk8DDV5_/view?usp=sharing,Download Corporate Brochure,
https://technoindiauniversity.ac.in/apply.php,Apply Now,
http://technoindiagroup.com/,Visit Techno India Group,
https://drive.google.com/file/d/1PdDGRGsK3qezs-5JjN4gDqfLCk8DDV5_/view?usp=sharing,Download Corporate Brochure,
https://technoindiauniversity.ac.in/apply.php,Apply Now,
http://technoindiagroup.com/,Visit Techno India Group,
https://drive.google.com/file/d/1PdDGRGsK3qezs-5JjN4gDqfLCk8DDV5_/view?usp=sharing,Download Corporate Brochure,
https://technoindiauniversity.ac.in/apply.php,Apply Now,
http://technoindiagroup.com/,Visit Techno India Group,
https://drive.google.com/file/d/1PdDGRGsK3qezs-5JjN4gDqfLCk8DDV5_/view?usp=sharing,Download Corporate Brochure,
https://technoindiauniversity.ac.in/apply.php,Apply Now,
http://technoindiagroup.com/,Visit Techno India Group,
https://drive.google.com/file/d/1PdDGRGsK3qezs-5JjN4gDqfLCk8DDV5_/view?usp=sharing,Download Corporate Brochure,
https://iccece.com/,Visit ICCECE,
https://technoindiauniversity.ac.in/apply.php,Apply Now,
http://technoindiagroup.com/,Visit Techno India Group,
https://drive.google.com/file/d/1PdDGRGsK3qezs-5JjN4gDqfLCk8DDV5_/view?usp=sharing,Download Corporate Brochure,
https://www.tiutic.org/,Visit ttic,
https://tthumanscience.org/,visit tths,
https://technoindiauniversity.ac.in/apply.php,Apply Now,
http://technoindiagroup.com/,Visit Techno India Group,
https://drive.google.com/file/d/1PdDGRGsK3qezs-5JjN4gDqfLCk8DDV5_/view?usp=sharing,Download Corporate Brochure,
https://technoindiauniversity.ac.in/apply.php,Apply Now,
http://technoindiagroup.com/,Visit Techno India Group,
https://drive.google.com/file/d/1PdDGRGsK3qezs-5JjN4gDqfLCk8DDV5_/view?usp=sharing,Download Corporate Brochure,
https://technoindiauniversity.ac.in/apply.php,Apply Now,
http://technoindiagroup.com/,Visit Techno India Group,
https://drive.google.com/file/d/1PdDGRGsK3qezs-5JjN4gDqfLCk8DDV5_/view?usp=sharing,Download Corporate Brochure,
https://technoindiauniversity.ac.in/apply.php,Apply Now,
http://technoindiagroup.com/,Visit Techno India Group,
https://drive.google.com/file/d/1PdDGRGsK3qezs-5JjN4gDqfLCk8DDV5_/view?usp=sharing,Download Corporate Brochure,
https://technoindiauniversity.ac.in/apply.php,Apply Now,
http://technoindiagroup.com/,Visit Techno India Group,
https://drive.google.com/file/d/1PdDGRGsK3qezs-5JjN4gDqfLCk8DDV5_/view?usp=sharing,Download Corporate Brochure,
https://technoindiauniversity.ac.in/apply.php,Apply Now,
http://technoindiagroup.com/,Visit Techno India Group,
https://drive.google.com/file/d/1PdDGRGsK3qezs-5JjN4gDqfLCk8DDV5_/view?usp=sharing,Download Corporate Brochure,
https://technoindiauniversity.ac.in/apply.php,Apply Now,
http://technoindiagroup.com/,Visit Techno India Group,
https://drive.google.com/file/d/1PdDGRGsK3qezs-5JjN4gDqfLCk8DDV5_/view?usp=sharing,Download Corporate Brochure,
https://technoindiauniversity.ac.in/apply.php,Apply Now,
http://technoindiagroup.com/,Visit Techno India Group,
https://drive.google.com/file/d/1PdDGRGsK3qezs-5JjN4gDqfLCk8DDV5_/view?usp=sharing,Download Corporate Brochure,
https://technoindiauniversity.ac.in/apply.php,Apply Now,
http://technoindiagroup.com/,Visit Techno India Group,
https://drive.google.com/file/d/1PdDGRGsK3qezs-5JjN4gDqfLCk8DDV5_/view?usp=sharing,Download Corporate Brochure,
http://tigmis.com/tiu/admission/index.php,Click here,
https://technoindiauniversity.ac.in/apply.php,Apply Online,
https://technoindiauniversity.ac.in/index3.php?id=56,Government Recognition,
https://wbjeeb.nic.in/,WBJEE,
https://jeemain.nta.ac.in/,JEE Main,
https://iimcat.ac.in/per/g01/pub/756/ASM/WebPortal/1/index.html?756@@1@@1,CAT,
http://gate.iitm.ac.in/,GATE,
https://technoindiauniversity.ac.in/index3.php?id=61,Bharat Ratna Shri Pranab Mukherjee Merit Scholarship Financial Aid,
https://www.aicte-india.org/grievance/anti,Download AICTE Anti Ragging Form,
https://technoindiauniversity.ac.in/images/new_ad24.jpeg,,
https://technoindiauniversity.ac.in/apply.php,Apply Now,
https://drive.google.com/file/d/17XaEtX1sc769LLso5NEjNpJRqeGOLv3C/view,,
https://drive.google.com/file/d/17XaEtX1sc769LLso5NEjNpJRqeGOLv3C/view,Academic Brochure,
https://drive.google.com/file/d/1pFsH5s5T06eZI1UosyOCQnQp_SWYZNgC/view,,
https://drive.google.com/file/d/1pFsH5s5T06eZI1UosyOCQnQp_SWYZNgC/view,Placement Brochure,
https://drive.google.com/file/d/1a78hY0G4g3JrKqMlY5WKqDosAj_yz159/view?usp=sharing,,
https://drive.google.com/file/d/1a78hY0G4g3JrKqMlY5WKqDosAj_yz159/view?usp=sharing,Information Brochure,
https://drive.google.com/file/d/1BqrjHirRduRQ1wRDrwU1PBjwXl_3zfol/view,,
https://drive.google.com/file/d/1BqrjHirRduRQ1wRDrwU1PBjwXl_3zfol/view,Engineering Brochure,
https://drive.google.com/file/d/1HLLKNfG7IZG4ZU57X23qQIjFsj5gbQ15/view?usp=sharing,,
https://drive.google.com/file/d/1HLLKNfG7IZG4ZU57X23qQIjFsj5gbQ15/view?usp=sharing,Science & Computer Application Brochure,
https://drive.google.com/file/d/1ZeEt2YqgmcGUKM0cjxf2HghgMZyknosW/view,,
https://drive.google.com/file/d/1ZeEt2YqgmcGUKM0cjxf2HghgMZyknosW/view,Management Brochure,
https://drive.google.com/file/d/1kuISlJAE81ZrAWmZ-bw8UFqUIfVj9pmj/view?usp=sharing,,
https://drive.google.com/file/d/1kuISlJAE81ZrAWmZ-bw8UFqUIfVj9pmj/view?usp=sharing,Architecture & Pharmacy Brochure,
https://drive.google.com/file/d/1Iyp9_4E6zXufJVag3u9Xo4od81H9DGCv/view?usp=sharing,,
https://drive.google.com/file/d/1Iyp9_4E6zXufJVag3u9Xo4od81H9DGCv/view?usp=sharing,"Humanities, Law & Commerce Brochure",
https://technoindiauniversity.ac.in/Engineering/index.php,,
https://technoindiauniversity.ac.in/Engineering/index.php,School ofEngineering,
https://technoindiauniversity.ac.in/Engineering/index.php,Keep Reading,
https://technoindiauniversity.ac.in/barch/index.php,,
https://technoindiauniversity.ac.in/barch/index.php,School ofArchitecture,
https://technoindiauniversity.ac.in/barch/index.php,Keep Reading,
https://technoindiauniversity.ac.in/Pharmacy/index.php,,
https://technoindiauniversity.ac.in/Pharmacy/index.php,School ofPharmacy,
https://technoindiauniversity.ac.in/Pharmacy/index.php,Keep Reading,
https://technoindiauniversity.ac.in/Science/index.php,,
https://technoindiauniversity.ac.in/Science/index.php,School ofScience,
https://technoindiauniversity.ac.in/Science/index.php,Keep Reading,
https://technoindiauniversity.ac.in/ComputerApplication/index.php,,
https://technoindiauniversity.ac.in/ComputerApplication/index.php,School of Computer Application,
https://technoindiauniversity.ac.in/ComputerApplication/index.php,Keep Reading,
https://technoindiauniversity.ac.in/Management/index.php,,
https://technoindiauniversity.ac.in/Management/index.php,School of Management,
https://technoindiauniversity.ac.in/Management/index.php,Keep Reading,
https://technoindiauniversity.ac.in/Humanities/index.php,,
https://technoindiauniversity.ac.in/Humanities/index.php,School ofHumanities,
https://technoindiauniversity.ac.in/Humanities/index.php,Keep Reading,
https://technoindiauniversity.ac.in/Law/index.php,,
https://technoindiauniversity.ac.in/Law/index.php,School ofLaw,
https://technoindiauniversity.ac.in/Law/index.php,Keep Reading,
https://technoindiauniversity.ac.in/Commerce/index.php,,
https://technoindiauniversity.ac.in/Commerce/index.php,School ofCommerce,
https://technoindiauniversity.ac.in/Commerce/index.php,Keep Reading,
https://technoindiauniversity.ac.in/Nursing/index.php,,
https://technoindiauniversity.ac.in/Nursing/index.php,School ofNursing,
https://technoindiauniversity.ac.in/Nursing/index.php,Keep Reading,
https://technoindiauniversity.ac.in/index3.php?id=70,Annual Convocation,
https://technoindiauniversity.ac.in/index3.php?id=64,Government Research Grant,
http://www.iccece.com/,IEEE International Conference,
http://www.tiutic.org/,International Journal TTIC,
https://tthumanscience.org/,International Journal TTHS,
https://technoindiauniversity.ac.in/images/social-activities.jpg,,
https://technoindiauniversity.ac.in/index3.php?id=41,Social Activities,
https://technoindiauniversity.ac.in/index3.php?id=41,Keep Reading,
https://technoindiauniversity.ac.in/images/D.litt.jpg,,
https://technoindiauniversity.ac.in/index3.php?id=71,D. Litt Awardees,
https://technoindiauniversity.ac.in/index3.php?id=71,Keep Reading,
https://technoindiauniversity.ac.in/images/controller-of-examination.jpg,,
https://technoindiauniversity.ac.in/index3.php?id=72,Controller of Examination,
https://technoindiauniversity.ac.in/index3.php?id=72,Keep Reading,
https://technoindiauniversity.ac.in/images/ptm.jpg,,
https://technoindiauniversity.ac.in/index3.php?id=30,PTM,
https://technoindiauniversity.ac.in/index3.php?id=30,Keep Reading,
https://technoindiauniversity.ac.in/images/teaching-and-learning.jpg,,
https://technoindiauniversity.ac.in/index3.php?id=32,Teaching & Learning,
https://technoindiauniversity.ac.in/index3.php?id=32,Keep Reading,
https://technoindiauniversity.ac.in/images/departmental-consultancy.jpg,,
https://technoindiauniversity.ac.in/index3.php?id=65,Departmental Consultancy,
https://technoindiauniversity.ac.in/index3.php?id=65,Keep Reading,
https://technoindiauniversity.ac.in/images/lab.jpg,,
https://technoindiauniversity.ac.in/index3.php?id=33,Laboratories,
https://technoindiauniversity.ac.in/index3.php?id=33,Keep Reading,
https://technoindiauniversity.ac.in/images/hostel.jpg,,
https://technoindiauniversity.ac.in/index3.php?id=14,Hostel,
https://technoindiauniversity.ac.in/index3.php?id=14,Keep Reading,
https://technoindiauniversity.ac.in/images/library.jpg,,
https://technoindiauniversity.ac.in/index3.php?id=31,Library,
https://technoindiauniversity.ac.in/index3.php?id=31,Keep Reading,
https://technoindiauniversity.ac.in/images/class-rooms.jpg,,
https://technoindiauniversity.ac.in/index3.php?id=34,Classrooms,
https://technoindiauniversity.ac.in/index3.php?id=34,Keep Reading,
https://technoindiauniversity.ac.in/images/faculties.jpg,,
https://technoindiauniversity.ac.in/index3.php?id=35,Faculties,
https://technoindiauniversity.ac.in/index3.php?id=35,Keep Reading,
https://technoindiauniversity.ac.in/images/tutorial-hours.jpg,,
https://technoindiauniversity.ac.in/index3.php?id=29,Tutorial Hours,
https://technoindiauniversity.ac.in/index3.php?id=29,Keep Reading,
https://technoindiauniversity.ac.in/images/value-added-courses.jpg,,
https://technoindiauniversity.ac.in/index3.php?id=36,Value Added Courses,
https://technoindiauniversity.ac.in/index3.php?id=36,Keep Reading,
https://technoindiauniversity.ac.in/images/skillis-devolopment.jpg,,
https://technoindiauniversity.ac.in/index3.php?id=37,Skill Development Center,
https://technoindiauniversity.ac.in/index3.php?id=37,Keep Reading,
https://technoindiauniversity.ac.in/images/incubation-center.jpg,,
https://technoindiauniversity.ac.in/index3.php?id=38,Incubation Center,
https://technoindiauniversity.ac.in/index3.php?id=38,Keep Reading,
https://technoindiauniversity.ac.in/images/entreprenurship-cell.jpg,,
https://technoindiauniversity.ac.in/index3.php?id=39,Entrepreneurship Cell,
https://technoindiauniversity.ac.in/index3.php?id=39,Keep Reading,
https://technoindiauniversity.ac.in/images/green-practice.jpg,,
https://technoindiauniversity.ac.in/index3.php?id=40,Green Practice,
https://technoindiauniversity.ac.in/index3.php?id=40,Keep Reading,
https://technoindiauniversity.ac.in/images/awareness-program.jpg,,
https://technoindiauniversity.ac.in/index3.php?id=68,Awareness Program,
https://technoindiauniversity.ac.in/index3.php?id=68,Keep Reading,
https://technoindiauniversity.ac.in/images/live-project.jpg,,
https://technoindiauniversity.ac.in/index3.php?id=42,Live Projects,
https://technoindiauniversity.ac.in/index3.php?id=42,Keep Reading,
https://technoindiauniversity.ac.in/images/industrial-training.jpg,,
https://technoindiauniversity.ac.in/index3.php?id=43,Industrial Training,
https://technoindiauniversity.ac.in/index3.php?id=43,Keep Reading,
https://technoindiauniversity.ac.in/images/paid-internship.jpg,,
https://technoindiauniversity.ac.in/index3.php?id=44,Paid Internship,
https://technoindiauniversity.ac.in/index3.php?id=44,Keep Reading,
https://technoindiauniversity.ac.in/images/innovation3.jpg,,
https://technoindiauniversity.ac.in/index3.php?id=88,Centre of Interdisciplinary Innovation (CII),
https://technoindiauniversity.ac.in/index3.php?id=88,Keep Reading,
https://technoindiauniversity.ac.in/images/double-decker-airport.jpg,,
https://technoindiauniversity.ac.in/index3.php?id=57,Double Decker Airport,
https://technoindiauniversity.ac.in/index3.php?id=57,Read More,
https://technoindiauniversity.ac.in/images/enso-and-iod.jpg,,
https://technoindiauniversity.ac.in/index3.php?id=58,A DST-SERB Project: Teleconnections of ENSO and IOD on Ocean Wave Parameters,
https://technoindiauniversity.ac.in/index3.php?id=58,Read More,
https://technoindiauniversity.ac.in/images/scatsat-1.jpg,,
https://technoindiauniversity.ac.in/index3.php?id=59,An ISRO Project: Data Adaptive Ocean Parameters from SCATSAT-1 Wind,
https://technoindiauniversity.ac.in/index3.php?id=59,Read More,
https://technoindiauniversity.ac.in/images/research-vbcs.jpg,,
https://technoindiauniversity.ac.in/index3.php?id=80,A DRDO Project: Design and Development of Algorithms for Vision Based Cognitive Surveillance (VBCS) System,
https://technoindiauniversity.ac.in/index3.php?id=80,Read More,
https://technoindiauniversity.ac.in/images/wave-height-statistic.jpg,,
https://technoindiauniversity.ac.in/index3.php?id=60,"An ISRO Project: Estimation of design and operational wave height statistics to assess coastal
vulnerability along the east coast of India",
https://technoindiauniversity.ac.in/index3.php?id=60,Read More,
https://technoindiauniversity.ac.in/images/modern-wave-dominated.jpg,,
https://technoindiauniversity.ac.in/index3.php?id=74,"A DST-SERB Project: A comprehensive sedimentological model for accreting tidal flats in a modern
wave-dominated Subarnarekha river mouth estuarine system along the coast of Bay of Bengal, Eastern India",
https://technoindiauniversity.ac.in/index3.php?id=74,Read More,
https://technoindiauniversity.ac.in/images/aravalli-supergroup.jpg,,
https://technoindiauniversity.ac.in/index3.php?id=75,"Sedimentation pattern in a Paleoproterozoic continental rift basin, Aravalli
Supergroup of Udaipur valley, Rajasthan",
https://technoindiauniversity.ac.in/index3.php?id=75,Read More,
https://technoindiauniversity.ac.in/#,,
https://technoindiauniversity.ac.in/#,,
https://technoindiauniversity.ac.in/#,,
https://technoindiauniversity.ac.in/#,,
https://technoindiauniversity.ac.in/#,,
https://technoindiauniversity.ac.in/#,,
https://technoindiauniversity.ac.in/#,,
https://technoindiauniversity.ac.in/#,,
https://technoindiauniversity.ac.in/#,,
https://technoindiauniversity.ac.in/#,,
https://technoindiauniversity.ac.in/#,,
https://technoindiauniversity.ac.in/#,,
https://technoindiauniversity.ac.in/#,,
https://technoindiauniversity.ac.in/#,,
https://technoindiauniversity.ac.in/#,,
https://technoindiauniversity.ac.in/#,,
https://technoindiauniversity.ac.in/#,,
https://technoindiauniversity.ac.in/#,,
https://technoindiauniversity.ac.in/#,,
https://technoindiauniversity.ac.in/#,,
https://technoindiauniversity.ac.in/#,,
https://technoindiauniversity.ac.in/#,,
https://technoindiauniversity.ac.in/#,,
https://technoindiauniversity.ac.in/#,,
https://technoindiauniversity.ac.in/images/iccece_2025.jpg,,
https://technoindiauniversity.ac.in/images/iccece_2025.jpg,IEEE International Conference,
https://technoindiauniversity.ac.in/images/iccece_2025.jpg,View More,
https://technoindiauniversity.ac.in/images/mootcourt24_v.jpg,,
https://technoindiauniversity.ac.in/images/mootcourt24_v.jpg,"Moot Court Competition, 2024",
https://technoindiauniversity.ac.in/images/mootcourt24_v.jpg,View More,
https://technoindiauniversity.ac.in/images/rupkhothas.jpg,,
https://technoindiauniversity.ac.in/index3.php?id=89,Rupkotha - an Interactive Online Chat Show Where Students Are Interviewed About Their on-campus Placement Success and Admission Into Top Foreign Universities.,
https://technoindiauniversity.ac.in/index3.php?id=89,View More,
https://technoindiauniversity.ac.in/images/parents_diarys.jpg,,
https://technoindiauniversity.ac.in/index3.php?id=90,Dedicated to the Unforgettable Contribution of Parents to the Successful Journey of Their Children,
https://technoindiauniversity.ac.in/index3.php?id=90,View More,
https://technoindiauniversity.ac.in/images/vent24_18.jpg,,
https://www.youtube.com/watch?v=ZRYU1n_Krco&t=1s,"Mathematics for Engineering, Customization of Pure & Applied Mathematics",
https://www.youtube.com/watch?v=ZRYU1n_Krco&t=1s,View More,
https://technoindiauniversity.ac.in/images/event24_16.jpg,,
https://www.youtube.com/watch?v=prjCTxQGpII&t=5s,Shape Your Career by making the Right Choice,
https://www.youtube.com/watch?v=prjCTxQGpII&t=5s,View More,
https://technoindiauniversity.ac.in/images/event24_11.jpg,,
https://www.youtube.com/watch?v=dCQdeLIR898&t=10s,Bhalobashai Rabindranath,
https://www.youtube.com/watch?v=dCQdeLIR898&t=10s,View More,
https://technoindiauniversity.ac.in/images/event24_8.jpg,,
https://www.youtube.com/watch?v=BZp776Ke9cU,Achieve Your JEE(MAIN) Dreams : Undergo a Tension-Free Admission Process,
https://www.youtube.com/watch?v=BZp776Ke9cU,View More,
https://technoindiauniversity.ac.in/images/event24_7.jpg,,
https://www.youtube.com/live/X6_Q9dnUi2M?si=m6xkPdksxVlgXdp_,A Special Concert by Legendary Singer Indrani Sen,
https://www.youtube.com/live/X6_Q9dnUi2M?si=m6xkPdksxVlgXdp_,View More,
https://technoindiauniversity.ac.in/images/event24_6.jpg,,
https://www.youtube.com/live/msOTwZyIYPM?si=ZE9u7ed4VPDYXqDA,A Musical Adda with Rupankar Bagchi,
https://www.youtube.com/live/msOTwZyIYPM?si=ZE9u7ed4VPDYXqDA,View More,
https://technoindiauniversity.ac.in/images/event24_5.jpg,,
https://www.youtube.com/live/UqHylShd0PE?si=JTr8XBJ-aRiaMO6i,Empower Yourself: How to Achieve a Tension-free Admission Process,
https://www.youtube.com/live/UqHylShd0PE?si=JTr8XBJ-aRiaMO6i,View More,
https://technoindiauniversity.ac.in/images/event24_4.jpg,,
https://www.youtube.com/live/mnJafN0q9oo?si=_9MxKOYeagfCTNV7,Last Minute Preparation  for JEE MAIN,
https://www.youtube.com/live/mnJafN0q9oo?si=_9MxKOYeagfCTNV7,View More,
https://technoindiauniversity.ac.in/images/event24_3.jpg,,
https://www.youtube.com/live/XBgh-7BVUjo?si=1zOnSZf7DaGpgxgd,Last Minute Preparation  for WBJEE,
https://www.youtube.com/live/XBgh-7BVUjo?si=1zOnSZf7DaGpgxgd,View More,
https://technoindiauniversity.ac.in/images/event24_2.jpg,,
https://www.youtube.com/live/3Yw6Ko1PCvg?si=6C5Z3d-fTQ8ctBtQ,Last Minute Preparation  for NEET,
https://www.youtube.com/live/3Yw6Ko1PCvg?si=6C5Z3d-fTQ8ctBtQ,View More,
https://technoindiauniversity.ac.in/images/event24_1.jpg,,
https://www.youtube.com/live/1bvYSO2AcHA?si=rTC2-yVjIp4JHJyn,Achieve Your Dreams: Know the Facts Behind Being a Doctor,
https://www.youtube.com/live/1bvYSO2AcHA?si=rTC2-yVjIp4JHJyn,View More,
https://technoindiauniversity.ac.in/images/iccece24.jpg,,
https://technoindiauniversity.ac.in/images/iccece24.jpg,"Keynote Speakers, ICCECE 2024",
https://technoindiauniversity.ac.in/images/iccece24.jpg,View More,
https://technoindiauniversity.ac.in/images/ieee24.jpg,,
https://technoindiauniversity.ac.in/images/event-2.jpg,IEEE International Conference - ICCECE Tutorial Session,
https://technoindiauniversity.ac.in/images/ieee24.jpg,View More,
https://technoindiauniversity.ac.in/images/convocation2023.jpg,,
https://technoindiauniversity.ac.in/images/convocation2023.jpg,Annual Convocation,
https://technoindiauniversity.ac.in/images/convocation2023.jpg,View More,
https://technoindiauniversity.ac.in/images/moot-court2023.jpg,,
https://technoindiauniversity.ac.in/images/moot-court2023.jpg,"Moot Court Competition, 2023",
https://technoindiauniversity.ac.in/images/moot-court2023.jpg,View More,
https://technoindiauniversity.ac.in/images/event-29.jpg,,
https://technomain.webex.com/meet/usatalk,"Looking to 2023: Accustom Yourself to Excellence, Know How to Apply Emerging Technologies in Global Platforms",
https://technoindiauniversity.ac.in/images/event-29.jpg,View More,
https://technoindiauniversity.ac.in/images/event-28.jpg,,
https://technomain.webex.com/meet/Microsoft,Meeting Minds Global: Virtual Event is Bringing Alumni to Share their Plan of Action & Experience for your Success,
https://technoindiauniversity.ac.in/images/event-28.jpg,View More,
https://technoindiauniversity.ac.in/images/event-25.jpg,,
https://technomain.webex.com/meet/XLRI,Looking to 2023: Accustom yourself for Scoring & Planning for your desired destination of higher studies by meeting the seniors,
https://technoindiauniversity.ac.in/images/event-25.jpg,View More,
https://technoindiauniversity.ac.in/images/event-27.jpg,,
https://technomain.webex.com/meet/Graph_Theory,Lecture Series 2 - Graph Theory for Computing,
https://technoindiauniversity.ac.in/images/event-27.jpg,View More,
https://technoindiauniversity.ac.in/images/event-24.jpg,,
https://technomain.webex.com/meet/NASA,The box cannot hold your wide horizon of thoughts: Expand your thoughts beyond the boundaries with a Data Scientist from NASA,
https://technoindiauniversity.ac.in/images/event-24.jpg,View More,
https://technoindiauniversity.ac.in/images/techniq.jpg,,
https://technomain.webex.com/meet/WebTIU,Know the Technique to Get Placed from Campus Interview: Face the Interviewer to Secure Your Successful Career,
https://technoindiauniversity.ac.in/images/techniq.jpg,View More,
https://technoindiauniversity.ac.in/images/event-22.jpg,,
https://technoindiauniversity.ac.in/index3.php?id=81,Juvenile Justice: Child Rights & Legislation,
https://technoindiauniversity.ac.in/index3.php?id=81,View More,
https://technoindiauniversity.ac.in/images/event-18.jpg,,
https://technomain.webex.com/meet/Engineeringtalk,Technique & Technology: Industries are looking for Engineers and there is no stream bias to utilize the skilled persons,
https://technoindiauniversity.ac.in/images/event-18.jpg,View More,
https://technoindiauniversity.ac.in/images/event-17.jpg,,
https://technomain.webex.com/meet/BK_Shivani,"Youth are the Seeds of a Peaceful & Blissful Future: Imbibe Knowledge, Enrich Skills & Build Your Confidence by Believing in Yourself after getting back to Normalcy",
https://technoindiauniversity.ac.in/images/event-17.jpg,View More,
https://technoindiauniversity.ac.in/images/event-16.jpg,,
https://technomain.webex.com/meet/tig_datascience,Career Landscape in Data Science and Analytics,
https://technoindiauniversity.ac.in/images/event-16.jpg,View More,
https://technoindiauniversity.ac.in/images/event-19.jpg,,
https://technomain.webex.com/meet/facebooktiu,Emerging Technologies & preparing for the Industry,
https://technoindiauniversity.ac.in/images/event-19.jpg,View More,
https://technoindiauniversity.ac.in/images/event-14.jpg,,
https://technomain.webex.com/meet/lectureseries1,Lecture Series 1 - Graph Theory for Computing,
https://technoindiauniversity.ac.in/images/event-14.jpg,View More,
https://technoindiauniversity.ac.in/images/event-15.jpg,,
https://technomain.webex.com/meet/TIU0522,Imaging in Osteoporosis: Recent Advance and Translation Research,
https://technoindiauniversity.ac.in/images/event-15.jpg,View More,
https://technoindiauniversity.ac.in/images/event-20.jpg,,
https://technomain.webex.com/meet/TIU_GOOGLE,Cherish the World of Technology. Learn Act Achieve,
https://technoindiauniversity.ac.in/images/event-20.jpg,View More,
https://technoindiauniversity.ac.in/images/event-13.jpg,,
https://technoindiauniversity.ac.in/images/event-13.jpg,Revel in the culture of learning: last minute suggestions for the best score in webjee 2021,
https://technoindiauniversity.ac.in/images/event-13.jpg,View More,
https://technoindiauniversity.ac.in/images/event-12.jpg,,
https://technoindiauniversity.ac.in/images/event-12.jpg,How to get entry for graduation - overcome the pandemic bottleneck by discussing the facts & fix up strategies to reach the goal,
https://technoindiauniversity.ac.in/images/event-12.jpg,View More,
https://technoindiauniversity.ac.in/images/event-11.jpeg,,
https://technoindiauniversity.ac.in/images/event-11.jpeg,Webinar on Quantum Computing Advances - Embracing the Technology of Tomorrow,
https://technoindiagroup.com/webinar/,click here,
https://technoindiauniversity.ac.in/images/event-11.jpeg,View More,
https://technoindiauniversity.ac.in/images/event-10.jpg,,
https://technoindiauniversity.ac.in/images/event-10.jpg,Webinar on Quantum Computing - Embracing the Technology of Tomorrow,
https://technoindiagroup.com/webinar/,click here,
https://technoindiauniversity.ac.in/images/event-10.jpg,View More,
https://technoindiauniversity.ac.in/images/event-21.jpg,,
https://technoindiauniversity.ac.in/images/event-21.jpg,Culture of learning Mathematical Magic for Engineering Applications,
https://technoindiauniversity.ac.in/images/event-21.jpg,View More,
https://technoindiauniversity.ac.in/images/event-8.jpg,,
https://technoindiauniversity.ac.in/images/event-8.jpg,Getting Ready for the Future: Going Beyond the Imagination Through Technology (Season 1),
https://technoindiagroup.com/webinar/,click here,
https://technoindiauniversity.ac.in/images/event-8.jpg,View More,
https://technoindiauniversity.ac.in/images/event-5.jpg,,
https://technoindiauniversity.ac.in/images/event-5.jpg,Webinar on Discovering Ways to Engage with Companies Hiring Strategy During Covid-19 Pandemic,
https://technoindiagroup.com/webinar/,click here,
https://technoindiauniversity.ac.in/images/event-5.jpg,View More,
https://technoindiauniversity.ac.in/images/event-7.jpg,,
https://technoindiauniversity.ac.in/images/event-7.jpg,Nodal Centre Smart India Hackathon 2020,
https://technoindiauniversity.ac.in/images/event-7.jpg,View More,
https://technoindiauniversity.ac.in/images/event-4.jpg,,
https://technoindiauniversity.ac.in/images/event-4.jpg,Future Technological Forecast in Engineering & Medical Science by First Robot Citizen - Sophia,
https://technoindiauniversity.ac.in/images/event-4.jpg,View More,
https://technoindiauniversity.ac.in/images/event-9.jpg,,
https://technoindiauniversity.ac.in/images/event-9.jpg,Annual Convocation,
https://technoindiauniversity.ac.in/index3.php?id=70,View More,
https://technoindiauniversity.ac.in/images/event-1.jpg,,
https://technoindiauniversity.ac.in/images/event-1.jpg,Expert Industry Opinion on Emerging Technology,
https://technoindiauniversity.ac.in/images/event-1.jpg,View More,
https://technoindiauniversity.ac.in/index3.php?id=76,Moot Court Competition,
https://technoindiauniversity.ac.in/index3.php?id=76,Keep Reading,
https://technoindiauniversity.ac.in/index3.php?id=45,TIU Communicates with Jupiter,
https://technoindiauniversity.ac.in/index3.php?id=45,Keep Reading,
https://technoindiauniversity.ac.in/index3.php?id=46,German Training Program,
https://technoindiauniversity.ac.in/index3.php?id=46,Keep Reading,
https://technoindiauniversity.ac.in/index3.php?id=47,Entrepreneurship Program in Malaysia,
https://technoindiauniversity.ac.in/index3.php?id=47,Keep Reading,
https://technoindiauniversity.ac.in/index3.php?id=48,Smart Bag,
https://technoindiauniversity.ac.in/index3.php?id=48,Keep Reading,
https://technoindiauniversity.ac.in/index3.php?id=49,PEGA,
https://technoindiauniversity.ac.in/index3.php?id=49,Keep Reading,
https://technoindiauniversity.ac.in/index3.php?id=50,IOT Lab,
https://technoindiauniversity.ac.in/index3.php?id=50,Keep Reading,
https://technoindiauniversity.ac.in/index3.php?id=51,SAP Lab,
https://technoindiauniversity.ac.in/index3.php?id=51,Keep Reading,
https://technoindiauniversity.ac.in/index3.php?id=52,Nano Technology,
https://technoindiauniversity.ac.in/index3.php?id=52,Keep Reading,
https://technoindiauniversity.ac.in/index3.php?id=53,VR Lab,
https://technoindiauniversity.ac.in/index3.php?id=53,Keep Reading,
https://technoindiauniversity.ac.in/index3.php?id=73,Hands on Training in Kharagpur & Kanchrapara Carshed,
https://technoindiauniversity.ac.in/index3.php?id=73,Keep Reading,
https://technoindiauniversity.ac.in/index3.php?id=54,Eden Gardens,
https://technoindiauniversity.ac.in/index3.php?id=54,Keep Reading,
https://technoindiauniversity.ac.in/index3.php?id=55,Saltlake Stadium,
https://technoindiauniversity.ac.in/index3.php?id=55,Keep Reading,
https://technoindiauniversity.ac.in/index.php,,
https://technoindiauniversity.ac.in/tel:9836544419,9836544419,
https://technoindiauniversity.ac.in/tel:9836544418,9836544418,
https://technoindiauniversity.ac.in/tel:9836544417,9836544417,
https://technoindiauniversity.ac.in/tel:9836544416,9836544416,
https://technoindiauniversity.ac.in/mailto:info@technoindiauniversity.ac.in,info@technoindiauniversity.ac.in,
https://technoindiauniversity.ac.in/mailto:admission@technoindiauniversity.ac.in,admission@technoindiauniversity.ac.in,
https://technoindiauniversity.ac.in/mailto:hr@technoindiauniversity.ac.in,hr@technoindiauniversity.ac.in,
http://iccece.com/,www.iccece.com,
http://tiutic.org/index.php,www.tiutic.org,
https://tthumanscience.org/,www.tthumanscience.org,
https://technoindiauniversity.ac.in/img/pdf/phd_admission_notice.pdf,PhD Admission,
https://www.facebook.com/TIGAlumnae,Techno India Alumni Association,
https://technoindiauniversity.ac.in/index3.php?id=66,NSS,
http://technoindiagroup.com/jobportal/apply.php,Career,
https://technoindiauniversity.ac.in/index3.php?id=67,Disclaimer,
https://technoindiauniversity.ac.in/ARI-U-0865.pdf,ARIIA 2020,
http://tigmis.com/htm/admission/index.php,,
http://www.tiutel.org/cms/,,
https://technoindiauniversity.ac.in/#,,
https://www.technoindiauniversity.ac.in:2096/,,
https://technoindiauniversity.ac.in/index3.php?id=62,,
https://technoindiauniversity.ac.in/tiu-rules-and-regulations-pdf.pdf,,
https://technoindiauniversity.ac.in/index.php,"Techno India University, West Bengal",
